1.00760341,-0.05045385,1.32299113,0.00000000,0.00000000,0.00000000
1.00056601,0.00490228,1.28611028,0.00000000,0.00000000,0.00000000
1.01117074,0.00790387,1.31428564,0.00000000,0.00000000,0.00000000
1.01753986,0.05086568,1.31645679,0.00000000,0.00000000,0.00000000
1.01473808,0.06626159,1.30558026,0.00000000,0.00000000,0.00000000
1.01860285,0.08461835,1.27386630,0.00000000,0.00000000,0.00000000
1.02797258,0.03329925,1.37617660,0.00000000,0.00000000,0.00000000
1.03451383,0.09682909,1.34680343,0.00000000,0.00000000,0.00000000
1.04284132,0.08985147,1.36696267,0.00000000,0.00000000,0.00000000
1.04573703,0.10986046,1.31962693,0.00000000,0.00000000,0.00000000
1.04252326,0.12638885,1.38039052,0.00000000,0.00000000,0.00000000
1.05500436,0.15638156,1.27323925,0.00000000,0.00000000,0.00000000
1.05771017,0.14640370,1.35774875,0.00000000,0.00000000,0.00000000
1.05879831,0.18124181,1.37532842,0.00000000,0.00000000,0.00000000
1.07287121,0.13510256,1.36538768,0.00000000,0.00000000,0.00000000
1.07025433,0.17858757,1.37843621,0.00000000,0.00000000,0.00000000
1.08024299,0.23178652,1.36702454,0.00000000,0.00000000,0.00000000
1.08692312,0.16464385,1.32265413,0.00000000,0.00000000,0.00000000
1.09706736,0.21167718,1.27651739,0.00000000,0.00000000,0.00000000
1.09556288,0.23003674,1.37783611,0.00000000,0.00000000,0.00000000
1.11884177,0.17290616,1.37206912,0.00000000,0.00000000,0.00000000
1.11951339,0.27457920,1.37821496,0.00000000,0.00000000,0.00000000
1.10848010,0.28116834,1.35748374,0.00000000,0.00000000,0.00000000
1.12996650,0.20766020,1.32579124,0.00000000,0.00000000,0.00000000
1.12748265,0.27733257,1.38305259,0.00000000,0.00000000,0.00000000
1.15265810,0.26520815,1.28178787,0.00000000,0.00000000,0.00000000
1.15501279,0.31728861,1.38316506,0.00000000,0.00000000,0.00000000
1.14334679,0.32826298,1.34817231,0.00000000,0.00000000,0.00000000
1.16286576,0.20364322,1.37506533,0.00000000,0.00000000,0.00000000
1.18382645,0.24993934,1.32976592,0.00000000,0.00000000,0.00000000
1.18756759,0.35637823,1.37570107,0.00000000,0.00000000,0.00000000
1.19400322,0.35324237,1.39636588,0.00000000,0.00000000,0.00000000
1.19624305,0.38274655,1.33658397,0.00000000,0.00000000,0.00000000
1.21499479,0.23467050,1.37774396,0.00000000,0.00000000,0.00000000
1.23560905,-0.04275831,1.34616125,0.00000000,0.00000000,0.00000000
1.23435485,-0.02732068,1.32561159,0.00000000,0.00000000,0.00000000
1.23776150,-0.00668629,1.31042600,0.00000000,0.00000000,0.00000000
1.22060764,0.31320557,1.28772318,0.00000000,0.00000000,0.00000000
1.23849487,0.39999017,1.37383306,0.00000000,0.00000000,0.00000000
1.23178828,0.38449350,1.40322971,0.00000000,0.00000000,0.00000000
1.24101698,-0.04147782,1.37038255,0.00000000,0.00000000,0.00000000
1.24161565,-0.02709400,1.29905987,0.00000000,0.00000000,0.00000000
1.24350870,-0.03744178,1.32060802,0.00000000,0.00000000,0.00000000
1.24551237,-0.03192307,1.34482920,0.00000000,0.00000000,0.00000000
1.24903953,-0.00031907,1.26858568,0.00000000,0.00000000,0.00000000
1.24482894,-0.00693780,1.28117251,0.00000000,0.00000000,0.00000000
1.24516952,-0.00278156,1.38545752,0.00000000,0.00000000,0.00000000
1.25400710,0.01632457,1.23034310,0.00000000,0.00000000,0.00000000
1.24983013,0.00237008,1.24914944,0.00000000,0.00000000,0.00000000
1.25258422,0.01546398,1.26812172,0.00000000,0.00000000,0.00000000
1.24705100,0.02138636,1.29654062,0.00000000,0.00000000,0.00000000
1.24723291,0.28856352,1.33422756,0.00000000,0.00000000,0.00000000
1.26022947,0.43080395,1.32418418,0.00000000,0.00000000,0.00000000
1.26482630,0.03747682,1.21488023,0.00000000,0.00000000,0.00000000
1.27050173,0.03535321,1.29524815,0.00000000,0.00000000,0.00000000
1.27350426,0.02351322,1.37644899,0.00000000,0.00000000,0.00000000
1.27978802,0.05913929,1.20406210,0.00000000,0.00000000,0.00000000
1.26695597,0.04365987,1.25644469,0.00000000,0.00000000,0.00000000
1.26365793,0.05536314,1.28521574,0.00000000,0.00000000,0.00000000
1.27967882,0.07927011,1.29832554,0.00000000,0.00000000,0.00000000
1.27385831,0.26392144,1.38073194,0.00000000,0.00000000,0.00000000
1.28160584,0.05688026,1.41279459,0.00000000,0.00000000,0.00000000
1.28896224,0.07584207,1.24726427,0.00000000,0.00000000,0.00000000
1.28112006,0.06311237,1.37849581,0.00000000,0.00000000,0.00000000
1.28444278,0.08796582,1.27806568,0.00000000,0.00000000,0.00000000
1.28860497,0.08899460,1.37634242,0.00000000,0.00000000,0.00000000
1.29477346,0.08806564,1.41961670,0.00000000,0.00000000,0.00000000
1.29009616,0.10754617,1.29717052,0.00000000,0.00000000,0.00000000
1.29846573,0.11425640,1.37319624,0.00000000,0.00000000,0.00000000
1.28797054,0.34817103,1.29248405,0.00000000,0.00000000,0.00000000
1.28074682,0.41723377,1.41108191,0.00000000,0.00000000,0.00000000
1.29589748,0.43733484,1.37045264,0.00000000,0.00000000,0.00000000
1.30226529,0.08487125,1.19497705,0.00000000,0.00000000,0.00000000
1.31419444,0.10521200,1.24176955,0.00000000,0.00000000,0.00000000
1.30406046,0.10965869,1.41916907,0.00000000,0.00000000,0.00000000
1.31021798,0.12093827,1.27365613,0.00000000,0.00000000,0.00000000
1.30370367,0.13488974,1.29499948,0.00000000,0.00000000,0.00000000
1.31133199,0.13873538,1.37001562,0.00000000,0.00000000,0.00000000
1.31486368,0.13117935,1.41729534,0.00000000,0.00000000,0.00000000
1.30861819,0.31742752,1.33803344,0.00000000,0.00000000,0.00000000
1.33252001,0.11255580,1.18852854,0.00000000,0.00000000,0.00000000
1.33482027,0.14761442,1.27188993,0.00000000,0.00000000,0.00000000
1.32780969,0.15175952,1.41539025,0.00000000,0.00000000,0.00000000
1.32102942,0.16095646,1.29277098,0.00000000,0.00000000,0.00000000
1.32695234,0.16162553,1.36705649,0.00000000,0.00000000,0.00000000
1.32926583,0.28668401,1.38358271,0.00000000,0.00000000,0.00000000
1.33156526,0.44386572,1.41672111,0.00000000,0.00000000,0.00000000
1.34355688,0.13362746,1.23862040,0.00000000,0.00000000,0.00000000
1.35979688,0.17127189,1.27167594,0.00000000,0.00000000,0.00000000
1.34269392,0.17082526,1.41361368,0.00000000,0.00000000,0.00000000
1.34191239,0.18489566,1.29102612,0.00000000,0.00000000,0.00000000
1.35030341,0.18822449,1.36320364,0.00000000,0.00000000,0.00000000
1.35930526,0.37513015,1.29621220,0.00000000,0.00000000,0.00000000
1.34276867,0.47325087,1.31061435,0.00000000,0.00000000,0.00000000
1.35221338,0.47786689,1.39091170,0.00000000,0.00000000,0.00000000
1.35486639,0.49041307,1.34190702,0.00000000,0.00000000,0.00000000
1.36440659,0.13630694,1.18527925,0.00000000,0.00000000,0.00000000
1.37018788,0.15580657,1.23750937,0.00000000,0.00000000,0.00000000
1.36427331,0.19320358,1.41095352,0.00000000,0.00000000,0.00000000
1.37321115,0.21193229,1.28951430,0.00000000,0.00000000,0.00000000
1.37847209,0.21278532,1.35864484,0.00000000,0.00000000,0.00000000
1.37269461,0.34049422,1.34126925,0.00000000,0.00000000,0.00000000
1.36849880,0.47089922,1.36370242,0.00000000,0.00000000,0.00000000
1.39936078,0.15781301,1.18400955,0.00000000,0.00000000,0.00000000
1.39613807,0.17500514,1.23753834,0.00000000,0.00000000,0.00000000
1.38991332,0.19634178,1.27330303,0.00000000,0.00000000,0.00000000
1.39031410,0.21458741,1.40718889,0.00000000,0.00000000,0.00000000
1.38608372,0.30585822,1.38632655,0.00000000,0.00000000,0.00000000
1.39422882,0.46854761,1.41679025,0.00000000,0.00000000,0.00000000
1.39834440,0.49486887,1.37151754,0.00000000,0.00000000,0.00000000
1.39787567,0.51127249,1.03028703,0.00000000,0.00000000,0.00000000
1.40050232,0.50784248,1.15111005,0.00000000,0.00000000,0.00000000
1.41050017,0.23528002,1.28826225,0.00000000,0.00000000,0.00000000
1.41765618,0.23540349,1.35862839,0.00000000,0.00000000,0.00000000
1.42011571,0.39161751,1.29836357,0.00000000,0.00000000,0.00000000
1.41630483,0.46942520,1.20942783,0.00000000,0.00000000,0.00000000
1.41446602,0.46102110,1.27056849,0.00000000,0.00000000,0.00000000
1.41172993,0.48219204,1.10874188,0.00000000,0.00000000,0.00000000
1.41195095,0.48955828,1.35467720,0.00000000,0.00000000,0.00000000
1.41164434,0.48850712,1.39344585,0.00000000,0.00000000,0.00000000
1.41158664,0.50506288,0.96511400,0.00000000,0.00000000,0.00000000
1.41361976,0.50913322,1.08698142,0.00000000,0.00000000,0.00000000
1.41622686,0.50497985,1.20772779,0.00000000,0.00000000,0.00000000
1.40479398,0.51013678,1.22807336,0.00000000,0.00000000,0.00000000
1.40591764,0.50628465,1.26927149,0.00000000,0.00000000,0.00000000
1.42008162,0.50791621,1.28488207,0.00000000,0.00000000,0.00000000
1.41990435,0.50449854,1.32651997,0.00000000,0.00000000,0.00000000
1.40316641,0.52568114,0.89636332,0.00000000,0.00000000,0.00000000
1.41939259,0.52396375,0.95291340,0.00000000,0.00000000,0.00000000
1.42967820,0.17346412,1.18409836,0.00000000,0.00000000,0.00000000
1.42624247,0.19509315,1.23897171,0.00000000,0.00000000,0.00000000
1.42344677,0.22220404,1.28218234,0.00000000,0.00000000,0.00000000
1.43039769,0.23362616,1.32179654,0.00000000,0.00000000,0.00000000
1.43009442,0.23828037,1.40311915,0.00000000,0.00000000,0.00000000
1.43270928,0.25132346,1.36020988,0.00000000,0.00000000,0.00000000
1.43297410,0.25038049,1.38475108,0.00000000,0.00000000,0.00000000
1.43863380,0.27332765,1.09183395,0.00000000,0.00000000,0.00000000
1.43992412,0.26910153,1.21005952,0.00000000,0.00000000,0.00000000
1.43359244,0.31903043,1.38832283,0.00000000,0.00000000,0.00000000
1.42685401,0.35532397,1.34334326,0.00000000,0.00000000,0.00000000
1.42946851,0.45700356,1.32741868,0.00000000,0.00000000,0.00000000
1.43152273,0.46638855,1.26629806,0.00000000,0.00000000,0.00000000
1.42790866,0.48103663,1.16526413,0.00000000,0.00000000,0.00000000
1.43550134,0.51779604,0.91434169,0.00000000,0.00000000,0.00000000
1.42768705,0.50500596,1.02167559,0.00000000,0.00000000,0.00000000
1.43661320,0.50787979,1.06005538,0.00000000,0.00000000,0.00000000
1.42936385,0.50699401,1.14367592,0.00000000,0.00000000,0.00000000
1.43976045,0.50567305,1.16280162,0.00000000,0.00000000,0.00000000
1.43195117,0.50211722,1.26434541,0.00000000,0.00000000,0.00000000
1.43536937,0.50569564,1.34169078,0.00000000,0.00000000,0.00000000
1.43389106,0.50271249,1.38376868,0.00000000,0.00000000,0.00000000
1.43175912,0.52479029,0.84423351,0.00000000,0.00000000,0.00000000
1.43561864,0.52224642,1.00946343,0.00000000,0.00000000,0.00000000
1.42887402,0.52964038,1.10327137,0.00000000,0.00000000,0.00000000
1.43261576,0.52931881,1.19295788,0.00000000,0.00000000,0.00000000
1.43716657,0.54120928,0.78682333,0.00000000,0.00000000,0.00000000
1.45841188,-0.03283090,1.24374228,0.00000000,0.00000000,0.00000000
1.46026969,-0.02562900,1.25945532,0.00000000,0.00000000,0.00000000
1.45959437,0.13967268,0.37587512,0.00000000,0.00000000,0.00000000
1.45820153,0.18608770,1.18489730,0.00000000,0.00000000,0.00000000
1.45810330,0.21655513,1.24658716,0.00000000,0.00000000,0.00000000
1.44891250,0.22970229,1.26964104,0.00000000,0.00000000,0.00000000
1.44995630,0.22930655,1.28380704,0.00000000,0.00000000,0.00000000
1.44577551,0.22034511,1.32677245,0.00000000,0.00000000,0.00000000
1.45981538,0.22118151,1.37475359,0.00000000,0.00000000,0.00000000
1.44797242,0.24493107,1.17481816,0.00000000,0.00000000,0.00000000
1.45703161,0.25497189,1.28594303,0.00000000,0.00000000,0.00000000
1.45106375,0.25994411,1.40991664,0.00000000,0.00000000,0.00000000
1.44681275,0.26846480,1.03592086,0.00000000,0.00000000,0.00000000
1.45566416,0.27213585,1.08499408,0.00000000,0.00000000,0.00000000
1.45740974,0.26802239,1.12585366,0.00000000,0.00000000,0.00000000
1.45432115,0.27596718,1.13923585,0.00000000,0.00000000,0.00000000
1.45878112,0.26470819,1.22597921,0.00000000,0.00000000,0.00000000
1.45787060,0.27136531,1.25667286,0.00000000,0.00000000,0.00000000
1.44430256,0.27247760,1.29063284,0.00000000,0.00000000,0.00000000
1.44643760,0.26941296,1.33410990,0.00000000,0.00000000,0.00000000
1.45808685,0.28701261,0.91494191,0.00000000,0.00000000,0.00000000
1.44305217,0.28781649,0.96059060,0.00000000,0.00000000,0.00000000
1.45793188,0.28028390,0.98752648,0.00000000,0.00000000,0.00000000
1.45683742,0.29075724,1.00856256,0.00000000,0.00000000,0.00000000
1.45374107,0.28764948,1.16228461,0.00000000,0.00000000,0.00000000
1.45725787,0.28834158,1.21215606,0.00000000,0.00000000,0.00000000
1.45463192,0.28602511,1.24760318,0.00000000,0.00000000,0.00000000
1.45990396,0.28577223,1.29732370,0.00000000,0.00000000,0.00000000
1.44447100,0.45298606,1.38426888,0.00000000,0.00000000,0.00000000
1.44408727,0.47988123,1.22178638,0.00000000,0.00000000,0.00000000
1.44674051,0.46335188,1.32316852,0.00000000,0.00000000,0.00000000
1.45057791,0.49820374,1.32296681,0.00000000,0.00000000,0.00000000
1.45801795,0.48714629,1.38359249,0.00000000,0.00000000,0.00000000
1.44182241,0.49932468,1.40112829,0.00000000,0.00000000,0.00000000
1.45190442,0.51743740,0.97076684,0.00000000,0.00000000,0.00000000
1.44378746,0.50494909,1.07823706,0.00000000,0.00000000,0.00000000
1.45321953,0.50566208,1.11640191,0.00000000,0.00000000,0.00000000
1.45646214,0.50264263,1.21906817,0.00000000,0.00000000,0.00000000
1.44421375,0.50719839,1.23815405,0.00000000,0.00000000,0.00000000
1.44277883,0.50199753,1.26172435,0.00000000,0.00000000,0.00000000
1.44867849,0.52411276,0.90049607,0.00000000,0.00000000,0.00000000
1.44547939,0.52596617,1.15955985,0.00000000,0.00000000,0.00000000
1.44867671,0.52442992,1.24944699,0.00000000,0.00000000,0.00000000
1.45515823,0.54180014,0.84277505,0.00000000,0.00000000,0.00000000
1.47476733,-0.06314067,0.89497998,0.00000000,0.00000000,0.00000000
1.47976184,-0.05094244,0.19176634,0.00000000,0.00000000,0.00000000
1.47442989,-0.04669975,0.88826934,0.00000000,0.00000000,0.00000000
1.47444206,-0.05778562,0.89225182,0.00000000,0.00000000,0.00000000
1.47745109,-0.04101672,1.17334211,0.00000000,0.00000000,0.00000000
1.47256351,-0.04059260,1.22486293,0.00000000,0.00000000,0.00000000
1.47775185,-0.03368550,0.18837057,0.00000000,0.00000000,0.00000000
1.47884572,-0.02350165,0.96526170,0.00000000,0.00000000,0.00000000
1.47075379,-0.02003096,1.04778421,0.00000000,0.00000000,0.00000000
1.47789085,-0.03511402,1.08971059,0.00000000,0.00000000,0.00000000
1.47307450,-0.02204515,1.25547832,0.00000000,0.00000000,0.00000000
1.47506356,-0.00224229,0.16918761,0.00000000,0.00000000,0.00000000
1.47792508,-0.01213990,0.17676257,0.00000000,0.00000000,0.00000000
1.47558677,-0.00749487,0.84597111,0.00000000,0.00000000,0.00000000
1.46881366,-0.01097409,0.88741034,0.00000000,0.00000000,0.00000000
1.47235429,-0.01348030,0.92011148,0.00000000,0.00000000,0.00000000
1.46744120,-0.01787020,1.00832856,0.00000000,0.00000000,0.00000000
1.47438490,-0.00234268,1.08493233,0.00000000,0.00000000,0.00000000
1.46708906,-0.01510905,1.11805665,0.00000000,0.00000000,0.00000000
1.47099674,-0.01873480,1.14383852,0.00000000,0.00000000,0.00000000
1.47302115,-0.00060568,1.16151559,0.00000000,0.00000000,0.00000000
1.46825814,-0.00625040,1.19992840,0.00000000,0.00000000,0.00000000
1.47314405,-0.01246428,1.21422398,0.00000000,0.00000000,0.00000000
1.47456211,-0.01060421,1.24082604,0.00000000,0.00000000,0.00000000
1.46696983,-0.00938326,1.25542114,0.00000000,0.00000000,0.00000000
1.47699682,0.00774072,0.16375241,0.00000000,0.00000000,0.00000000
1.47888315,0.00620623,0.80830723,0.00000000,0.00000000,0.00000000
1.47974050,0.03869966,0.44994757,0.00000000,0.00000000,0.00000000
1.46890847,0.05428551,0.05252839,0.00000000,0.00000000,0.00000000
1.47215855,0.04528106,0.41452554,0.00000000,0.00000000,0.00000000
1.46983683,0.07233458,0.38322815,0.00000000,0.00000000,0.00000000
1.47252965,0.07346934,0.39094120,0.00000000,0.00000000,0.00000000
1.47680002,0.06948919,0.42059562,0.00000000,0.00000000,0.00000000
1.47705865,0.06989696,0.43171731,0.00000000,0.00000000,0.00000000
1.47256275,0.09660837,0.41299322,0.00000000,0.00000000,0.00000000
1.46225488,0.11128179,0.39690238,0.00000000,0.00000000,0.00000000
1.46561337,0.13453847,0.38347960,0.00000000,0.00000000,0.00000000
1.46327221,0.23143332,1.31750333,0.00000000,0.00000000,0.00000000
1.46136510,0.24801448,1.22289228,0.00000000,0.00000000,0.00000000
1.46368766,0.24986430,1.35848594,0.00000000,0.00000000,0.00000000
1.47037458,0.24480850,1.40777814,0.00000000,0.00000000,0.00000000
1.46130502,0.25141439,1.42593718,0.00000000,0.00000000,0.00000000
1.46625304,0.27013388,1.17501998,0.00000000,0.00000000,0.00000000
1.46696985,0.26622003,1.27528095,0.00000000,0.00000000,0.00000000
1.46481735,0.26964441,1.29914999,0.00000000,0.00000000,0.00000000
1.46649170,0.26410808,1.31875169,0.00000000,0.00000000,0.00000000
1.46903032,0.27170427,1.34312922,0.00000000,0.00000000,0.00000000
1.47300738,0.26804863,1.37479693,0.00000000,0.00000000,0.00000000
1.46762490,0.29037449,0.96390843,0.00000000,0.00000000,0.00000000
1.46707010,0.28398031,1.03654516,0.00000000,0.00000000,0.00000000
1.46109557,0.30433357,0.86316395,0.00000000,0.00000000,0.00000000
1.46556628,0.30870464,0.91277146,0.00000000,0.00000000,0.00000000
1.47748590,0.32917809,1.38986480,0.00000000,0.00000000,0.00000000
1.47719765,0.36587405,1.34470356,0.00000000,0.00000000,0.00000000
1.47690940,0.40257001,1.29954231,0.00000000,0.00000000,0.00000000
1.47491467,0.47674483,1.43904066,0.00000000,0.00000000,0.00000000
1.47316372,0.49961218,1.27533472,0.00000000,0.00000000,0.00000000
1.47803211,0.48221597,1.32179248,0.00000000,0.00000000,0.00000000
1.47039312,0.48974571,1.37560254,0.00000000,0.00000000,0.00000000
1.47107530,0.49914733,1.39597976,0.00000000,0.00000000,0.00000000
1.46830750,0.51707870,1.02719200,0.00000000,0.00000000,0.00000000
1.46982586,0.50344437,1.17274821,0.00000000,0.00000000,0.00000000
1.46265328,0.51181084,1.30023831,0.00000000,0.00000000,0.00000000
1.47692382,0.50096273,1.35092711,0.00000000,0.00000000,0.00000000
1.46559775,0.52343518,0.95675862,0.00000000,0.00000000,0.00000000
1.46208477,0.52229202,1.21584845,0.00000000,0.00000000,0.00000000
1.47314966,0.54239106,0.89872670,0.00000000,0.00000000,0.00000000
1.49365246,-0.24974693,0.60177743,0.00000000,0.00000000,0.00000000
1.49899447,-0.24086492,0.68021142,0.00000000,0.00000000,0.00000000
1.49355042,-0.23943402,0.52882969,0.00000000,0.00000000,0.00000000
1.49045968,-0.23339421,0.55827814,0.00000000,0.00000000,0.00000000
1.48782086,-0.22915097,0.62286019,0.00000000,0.00000000,0.00000000
1.49094260,-0.22336875,0.70497441,0.00000000,0.00000000,0.00000000
1.48521900,-0.21161024,0.73584175,0.00000000,0.00000000,0.00000000
1.49340439,-0.21102455,0.77771112,0.00000000,0.00000000,0.00000000
1.48529923,-0.18483722,0.79712343,0.00000000,0.00000000,0.00000000
1.48613214,-0.19244260,0.82422179,0.00000000,0.00000000,0.00000000
1.49243903,-0.18750072,0.84718716,0.00000000,0.00000000,0.00000000
1.48899281,-0.16563809,0.88814908,0.00000000,0.00000000,0.00000000
1.48267221,-0.15113236,0.86490065,0.00000000,0.00000000,0.00000000
1.48857713,-0.14657854,0.88745058,0.00000000,0.00000000,0.00000000
1.48992054,-0.13099335,0.89634049,0.00000000,0.00000000,0.00000000
1.49136100,-0.10714655,0.89604568,0.00000000,0.00000000,0.00000000
1.49622378,-0.09049793,0.89598675,0.00000000,0.00000000,0.00000000
1.48581652,-0.06502847,0.19121838,0.00000000,0.00000000,0.00000000
1.49972796,-0.06634049,0.89592057,0.00000000,0.00000000,0.00000000
1.48586721,-0.05285553,0.08443422,0.00000000,0.00000000,0.00000000
1.48425370,-0.05207341,0.18921530,0.00000000,0.00000000,0.00000000
1.48338984,-0.05498487,0.19190742,0.00000000,0.00000000,0.00000000
1.49734896,-0.04789495,0.53544778,0.00000000,0.00000000,0.00000000
1.48164348,-0.03109856,0.18421625,0.00000000,0.00000000,0.00000000
1.49466620,-0.02312718,0.46484660,0.00000000,0.00000000,0.00000000
1.49214900,-0.02198078,0.51224303,0.00000000,0.00000000,0.00000000
1.49438590,-0.02573338,0.54164334,0.00000000,0.00000000,0.00000000
1.49291223,-0.01280840,0.46496306,0.00000000,0.00000000,0.00000000
1.49122947,-0.00749934,0.51450583,0.00000000,0.00000000,0.00000000
1.49351357,-0.01738502,0.54117896,0.00000000,0.00000000,0.00000000
1.48278538,-0.01432838,1.26107307,0.00000000,0.00000000,0.00000000
1.48723328,0.01366429,0.48201302,0.00000000,0.00000000,0.00000000
1.48841667,0.00279533,0.50021923,0.00000000,0.00000000,0.00000000
1.49826470,0.01731137,0.96553533,0.00000000,0.00000000,0.00000000
1.48525616,0.02856814,0.44721704,0.00000000,0.00000000,0.00000000
1.48210597,0.02820832,0.45318863,0.00000000,0.00000000,0.00000000
1.48517025,0.02468991,0.48194796,0.00000000,0.00000000,0.00000000
1.49507097,0.02777587,0.96415909,0.00000000,0.00000000,0.00000000
1.48226428,0.04766741,0.44057471,0.00000000,0.00000000,0.00000000
1.48138702,0.04213153,0.45982903,0.00000000,0.00000000,0.00000000
1.50045729,0.08045628,0.05545418,0.00000000,0.00000000,0.00000000
1.50007236,0.16815782,0.34608078,0.00000000,0.00000000,0.00000000
1.49006271,0.19826779,1.18667841,0.00000000,0.00000000,0.00000000
1.49841881,0.23792364,1.20608032,0.00000000,0.00000000,0.00000000
1.49613321,0.22960342,1.26410246,0.00000000,0.00000000,0.00000000
1.49682295,0.25215429,1.11066079,0.00000000,0.00000000,0.00000000
1.48905790,0.24199714,1.25452590,0.00000000,0.00000000,0.00000000
1.48063827,0.25607586,1.28705990,0.00000000,0.00000000,0.00000000
1.49653196,0.27430555,0.97248113,0.00000000,0.00000000,0.00000000
1.48628938,0.27882013,1.14434326,0.00000000,0.00000000,0.00000000
1.49319363,0.27870303,1.26860416,0.00000000,0.00000000,0.00000000
1.48932374,0.29593807,0.89451331,0.00000000,0.00000000,0.00000000
1.48503220,0.28267795,1.02624750,0.00000000,0.00000000,0.00000000
1.49045825,0.28154218,1.22455943,0.00000000,0.00000000,0.00000000
1.51753986,-0.14127202,0.57603586,0.00000000,0.00000000,0.00000000
1.51739812,-0.15185089,0.64447361,0.00000000,0.00000000,0.00000000
1.51583791,-0.13677026,0.60425967,0.00000000,0.00000000,0.00000000
1.51133442,-0.13518149,0.67204475,0.00000000,0.00000000,0.00000000
1.51479006,-0.12961352,0.75180411,0.00000000,0.00000000,0.00000000
1.50766718,-0.12163513,0.79088306,0.00000000,0.00000000,0.00000000
1.51975657,-0.10012549,0.05921847,0.00000000,0.00000000,0.00000000
1.51495373,-0.11902972,0.83082387,0.00000000,0.00000000,0.00000000
1.50836992,-0.10457007,0.88154566,0.00000000,0.00000000,0.00000000
1.51366580,-0.10185634,0.90027618,0.00000000,0.00000000,0.00000000
1.51960045,-0.09957175,0.05969387,0.00000000,0.00000000,0.00000000
1.50551623,-0.08110991,0.53946719,0.00000000,0.00000000,0.00000000
1.51042593,-0.09702859,0.85045296,0.00000000,0.00000000,0.00000000
1.51414287,-0.09533839,0.90730578,0.00000000,0.00000000,0.00000000
1.50331390,-0.06285029,0.46474157,0.00000000,0.00000000,0.00000000
1.50792706,-0.06138680,0.54005319,0.00000000,0.00000000,0.00000000
1.50868273,-0.06707019,0.92243975,0.00000000,0.00000000,0.00000000
1.51072037,-0.07918005,0.94702959,0.00000000,0.00000000,0.00000000
1.50947928,-0.06512904,0.95446497,0.00000000,0.00000000,0.00000000
1.50662918,-0.04302984,0.46509063,0.00000000,0.00000000,0.00000000
1.50964705,-0.05372554,0.54024859,0.00000000,0.00000000,0.00000000
1.51265291,-0.04801827,0.95964593,0.00000000,0.00000000,0.00000000
1.50174771,-0.04250318,1.37790684,0.00000000,0.00000000,0.00000000
1.50845617,-0.03336040,0.46464145,0.00000000,0.00000000,0.00000000
1.51219630,-0.03859616,0.54035217,0.00000000,0.00000000,0.00000000
1.51309374,-0.02595003,0.96136689,0.00000000,0.00000000,0.00000000
1.51303613,-0.02214479,1.30782127,0.00000000,0.00000000,0.00000000
1.50814104,-0.03443819,1.36129498,0.00000000,0.00000000,0.00000000
1.50528647,-0.03158240,1.38123030,0.00000000,0.00000000,0.00000000
1.51741853,-0.01260662,0.96169250,0.00000000,0.00000000,0.00000000
1.51475096,-0.00241886,1.22044218,0.00000000,0.00000000,0.00000000
1.51079853,-0.01118562,1.38474015,0.00000000,0.00000000,0.00000000
1.51045793,0.00561569,0.96431714,0.00000000,0.00000000,0.00000000
1.51188838,0.01857867,1.17519546,0.00000000,0.00000000,0.00000000
1.51167130,0.01311657,1.27368045,0.00000000,0.00000000,0.00000000
1.51320314,0.01167153,1.34635925,0.00000000,0.00000000,0.00000000
1.51578438,0.01216085,1.36760390,0.00000000,0.00000000,0.00000000
1.51325512,0.00607351,1.38428140,0.00000000,0.00000000,0.00000000
1.51395774,0.03359745,1.04385006,0.00000000,0.00000000,0.00000000
1.51513278,0.02518634,1.08958316,0.00000000,0.00000000,0.00000000
1.51080823,0.02985820,1.12968385,0.00000000,0.00000000,0.00000000
1.51017761,0.02236270,1.24375093,0.00000000,0.00000000,0.00000000
1.51482356,0.03732499,1.28815424,0.00000000,0.00000000,0.00000000
1.51358593,0.02339962,1.32632577,0.00000000,0.00000000,0.00000000
1.51688087,0.04148726,0.96824497,0.00000000,0.00000000,0.00000000
1.51422822,0.04593172,1.00245678,0.00000000,0.00000000,0.00000000
1.51589906,0.04193692,1.20924735,0.00000000,0.00000000,0.00000000
1.50319966,0.07968829,0.05723465,0.00000000,0.00000000,0.00000000
1.50165008,0.08055177,0.05614297,0.00000000,0.00000000,0.00000000
1.51676643,0.11903117,0.37528279,0.00000000,0.00000000,0.00000000
1.51477832,0.12436970,0.37254848,0.00000000,0.00000000,0.00000000
1.51031550,0.14935350,0.35814852,0.00000000,0.00000000,0.00000000
1.50283659,0.19514674,0.32591739,0.00000000,0.00000000,0.00000000
1.50704384,0.18227842,0.33556831,0.00000000,0.00000000,0.00000000
1.50474918,0.22767235,1.22354817,0.00000000,0.00000000,0.00000000
1.50717258,0.27210850,1.06235969,0.00000000,0.00000000,0.00000000
1.50846350,0.26915061,1.16248953,0.00000000,0.00000000,0.00000000
1.51173437,0.27025026,1.23825002,0.00000000,0.00000000,0.00000000
1.51269388,0.26599815,1.25978017,0.00000000,0.00000000,0.00000000
1.51323795,0.26338166,1.29688179,0.00000000,0.00000000,0.00000000
1.50708687,0.29071873,0.85081166,0.00000000,0.00000000,0.00000000
1.50756347,0.28283930,0.92387438,0.00000000,0.00000000,0.00000000
1.50391805,0.29460657,1.09967864,0.00000000,0.00000000,0.00000000
1.50500727,0.29366374,1.18534791,0.00000000,0.00000000,0.00000000
1.51072168,0.30628419,0.79944032,0.00000000,0.00000000,0.00000000
1.50890064,0.46148756,1.36296821,0.00000000,0.00000000,0.00000000
1.51504016,0.47798052,1.40002537,0.00000000,0.00000000,0.00000000
1.52216971,-0.14632238,0.72700977,0.00000000,0.00000000,0.00000000
1.52116080,-0.10075485,0.05729415,0.00000000,0.00000000,0.00000000
1.52339984,-0.09862766,0.05930051,0.00000000,0.00000000,0.00000000
1.52650200,-0.01029050,1.38401600,0.00000000,0.00000000,0.00000000
1.53435436,0.01912388,0.40616748,0.00000000,0.00000000,0.00000000
1.52241373,0.01631180,0.96225202,0.00000000,0.00000000,0.00000000
1.53177269,0.02721891,0.40430981,0.00000000,0.00000000,0.00000000
1.52283776,0.07339871,0.39348462,0.00000000,0.00000000,0.00000000
1.52089632,0.06166262,0.92697001,0.00000000,0.00000000,0.00000000
1.52496284,0.08963318,0.38672866,0.00000000,0.00000000,0.00000000
1.52099657,0.21087728,1.19293916,0.00000000,0.00000000,0.00000000
1.52616239,0.33876464,1.39131761,0.00000000,0.00000000,0.00000000
1.53314984,0.37478969,1.34556496,0.00000000,0.00000000,0.00000000
1.54013717,0.41081473,1.29981208,0.00000000,0.00000000,0.00000000
1.53976917,0.44075909,1.40414393,0.00000000,0.00000000,0.00000000
1.55809679,-0.03119294,0.08705230,0.00000000,0.00000000,0.00000000
1.54667999,-0.00669878,0.40726004,0.00000000,0.00000000,0.00000000
1.54978435,0.00564660,0.40537781,0.00000000,0.00000000,0.00000000
1.55465424,0.42887026,1.35227406,0.00000000,0.00000000,0.00000000
1.54681957,0.45891759,1.30219817,0.00000000,0.00000000,0.00000000
1.56210336,-0.03111142,0.08432993,0.00000000,0.00000000,0.00000000
1.57574010,-0.03362347,1.51285779,0.00000000,0.00000000,0.00000000
1.57831987,0.11408292,0.40321564,0.00000000,0.00000000,0.00000000
1.56851292,0.13192087,0.38688111,0.00000000,0.00000000,0.00000000
1.57071400,0.15951657,0.36537993,0.00000000,0.00000000,0.00000000
1.57364225,0.14602423,0.37950423,0.00000000,0.00000000,0.00000000
1.57528019,0.35235715,1.39399827,0.00000000,0.00000000,0.00000000
1.56248903,0.39882293,1.40234995,0.00000000,0.00000000,0.00000000
1.58667397,-0.08775294,1.51010990,0.00000000,0.00000000,0.00000000
1.59258032,-0.07020830,1.45804608,0.00000000,0.00000000,0.00000000
1.58543536,-0.06671178,1.51512202,0.00000000,0.00000000,0.00000000
1.59441471,-0.04884091,1.36958241,0.00000000,0.00000000,0.00000000
1.58720862,-0.05348762,1.51646388,0.00000000,0.00000000,0.00000000
1.59116745,-0.02206258,1.24184477,0.00000000,0.00000000,0.00000000
1.58953071,-0.02720587,1.32693958,0.00000000,0.00000000,0.00000000
1.58636510,-0.02477925,1.38628221,0.00000000,0.00000000,0.00000000
1.58959234,-0.03471850,1.42544866,0.00000000,0.00000000,0.00000000
1.58863854,-0.02376683,1.43233502,0.00000000,0.00000000,0.00000000
1.58889377,-0.02521091,1.46626103,0.00000000,0.00000000,0.00000000
1.59112531,-0.03488599,1.50116283,0.00000000,0.00000000,0.00000000
1.58545887,-0.03751846,1.51542234,0.00000000,0.00000000,0.00000000
1.59285188,-0.01003704,1.11634254,0.00000000,0.00000000,0.00000000
1.58568752,-0.00385115,1.14069796,0.00000000,0.00000000,0.00000000
1.59052587,-0.01343947,1.19412351,0.00000000,0.00000000,0.00000000
1.58530223,-0.01802812,1.27110171,0.00000000,0.00000000,0.00000000
1.58964753,-0.01647489,1.35478318,0.00000000,0.00000000,0.00000000
1.60005254,0.01312166,0.44866776,0.00000000,0.00000000,0.00000000
1.59272873,0.00934369,1.07437861,0.00000000,0.00000000,0.00000000
1.59367323,0.03836952,0.43907660,0.00000000,0.00000000,0.00000000
1.59363103,0.04765979,0.43833975,0.00000000,0.00000000,0.00000000
1.59083056,0.06383853,0.43056062,0.00000000,0.00000000,0.00000000
1.59492517,0.07574934,1.56277450,0.00000000,0.00000000,0.00000000
1.58422148,0.08931836,0.41995218,0.00000000,0.00000000,0.00000000
1.59346437,0.08823450,1.56568405,0.00000000,0.00000000,0.00000000
1.59573257,0.08925918,1.57061791,0.00000000,0.00000000,0.00000000
1.59323130,0.11019224,1.56502828,0.00000000,0.00000000,0.00000000
1.59748244,0.13783902,1.31427193,0.00000000,0.00000000,0.00000000
1.59932673,0.13126943,1.42794061,0.00000000,0.00000000,0.00000000
1.59894478,0.15155138,1.18547499,0.00000000,0.00000000,0.00000000
1.58786416,0.38652837,1.34595156,0.00000000,0.00000000,0.00000000
1.60044813,0.42069963,1.29790473,0.00000000,0.00000000,0.00000000
1.61346960,-0.04572815,0.44890103,0.00000000,0.00000000,0.00000000
1.60336277,-0.05195091,1.51903188,0.00000000,0.00000000,0.00000000
1.61671330,-0.02641534,0.44842863,0.00000000,0.00000000,0.00000000
1.60643744,-0.03258641,1.51935530,0.00000000,0.00000000,0.00000000
1.61031585,-0.00922415,0.44833725,0.00000000,0.00000000,0.00000000
1.60336113,-0.00317836,0.45067149,0.00000000,0.00000000,0.00000000
1.60147706,0.00734216,0.44922377,0.00000000,0.00000000,0.00000000
1.60440004,0.08580543,1.50051498,0.00000000,0.00000000,0.00000000
1.61351092,0.09612941,1.56550550,0.00000000,0.00000000,0.00000000
1.60504115,0.10712931,1.41245770,0.00000000,0.00000000,0.00000000
1.60466886,0.11879646,1.52939904,0.00000000,0.00000000,0.00000000
1.61053145,0.10213551,1.55038798,0.00000000,0.00000000,0.00000000
1.61482656,0.10759182,1.56385413,0.00000000,0.00000000,0.00000000
1.60200024,0.13561426,1.27799916,0.00000000,0.00000000,0.00000000
1.60370648,0.13179566,1.35489428,0.00000000,0.00000000,0.00000000
1.60215890,0.13925563,1.39786935,0.00000000,0.00000000,0.00000000
1.60396039,0.12404603,1.45445573,0.00000000,0.00000000,0.00000000
1.60191631,0.13101855,1.47860134,0.00000000,0.00000000,0.00000000
1.60328329,0.13106970,1.50673866,0.00000000,0.00000000,0.00000000
1.60552406,0.12608114,1.54505014,0.00000000,0.00000000,0.00000000
1.60803950,0.14691798,1.15431058,0.00000000,0.00000000,0.00000000
1.60589790,0.14491557,1.22579741,0.00000000,0.00000000,0.00000000
1.60634983,0.16712806,1.10931718,0.00000000,0.00000000,0.00000000
1.63427997,-0.11985571,0.98428893,0.00000000,0.00000000,0.00000000
1.63576877,-0.10116122,0.97040418,0.00000000,0.00000000,0.00000000
1.63474454,-0.10849995,0.97491577,0.00000000,0.00000000,0.00000000
1.63770123,-0.10198930,1.08707769,0.00000000,0.00000000,0.00000000
1.63550383,-0.10359850,1.09630629,0.00000000,0.00000000,0.00000000
1.63520890,-0.09361477,0.97230186,0.00000000,0.00000000,0.00000000
1.63797384,-0.09140232,1.08779873,0.00000000,0.00000000,0.00000000
1.63741887,-0.08422141,1.09063768,0.00000000,0.00000000,0.00000000
1.63901402,-0.08700127,1.38675171,0.00000000,0.00000000,0.00000000
1.63952294,-0.07358497,1.38755739,0.00000000,0.00000000,0.00000000
1.63769948,-0.06891642,1.39164633,0.00000000,0.00000000,0.00000000
1.63830698,-0.05086782,1.38788092,0.00000000,0.00000000,0.00000000
1.63948545,0.02798400,1.33657099,0.00000000,0.00000000,0.00000000
1.63752449,0.05275947,1.33643655,0.00000000,0.00000000,0.00000000
1.63951838,0.08186735,1.28019929,0.00000000,0.00000000,0.00000000
1.62163639,0.12867056,1.56672692,0.00000000,0.00000000,0.00000000
1.65587175,-0.24987559,0.62159050,0.00000000,0.00000000,0.00000000
1.65334201,-0.25079647,0.64953399,0.00000000,0.00000000,0.00000000
1.65587938,-0.25976831,0.69454753,0.00000000,0.00000000,0.00000000
1.65050268,-0.25005427,0.71727300,0.00000000,0.00000000,0.00000000
1.65471530,-0.24124020,0.79881984,0.00000000,0.00000000,0.00000000
1.64819098,-0.23733631,0.83094621,0.00000000,0.00000000,0.00000000
1.65614510,-0.23298647,0.86937636,0.00000000,0.00000000,0.00000000
1.65574932,-0.22793372,0.87855548,0.00000000,0.00000000,0.00000000
1.64967644,-0.22039802,0.91896725,0.00000000,0.00000000,0.00000000
1.65021646,-0.21378388,0.89041692,0.00000000,0.00000000,0.00000000
1.65493244,-0.21232209,0.94286859,0.00000000,0.00000000,0.00000000
1.64701843,-0.18746859,0.95815367,0.00000000,0.00000000,0.00000000
1.65123338,-0.19036013,0.98060939,0.00000000,0.00000000,0.00000000
1.65160239,-0.16680773,0.72382027,0.00000000,0.00000000,0.00000000
1.64963245,-0.17346111,0.75363898,0.00000000,0.00000000,0.00000000
1.65007281,-0.17568704,0.79396075,0.00000000,0.00000000,0.00000000
1.64735937,-0.17847970,0.82487321,0.00000000,0.00000000,0.00000000
1.65899611,-0.17892778,0.87500221,0.00000000,0.00000000,0.00000000
1.65083170,-0.17022645,0.90383852,0.00000000,0.00000000,0.00000000
1.64612687,-0.17578143,0.94230187,0.00000000,0.00000000,0.00000000
1.65175447,-0.16925645,0.98787224,0.00000000,0.00000000,0.00000000
1.64820647,-0.16692907,1.03106201,0.00000000,0.00000000,0.00000000
1.65280116,-0.17054324,1.05296636,0.00000000,0.00000000,0.00000000
1.65144045,-0.14824533,0.98824099,0.00000000,0.00000000,0.00000000
1.64872026,-0.15753761,1.00105560,0.00000000,0.00000000,0.00000000
1.65169668,-0.15292557,1.05284774,0.00000000,0.00000000,0.00000000
1.64701688,-0.14281355,1.07057881,0.00000000,0.00000000,0.00000000
1.65322554,-0.15206282,1.09761814,0.00000000,0.00000000,0.00000000
1.65623757,-0.13113499,0.98713253,0.00000000,0.00000000,0.00000000
1.65164521,-0.12901430,1.10256786,0.00000000,0.00000000,0.00000000
1.65931964,-0.10821106,0.98695683,0.00000000,0.00000000,0.00000000
1.65422521,-0.11274804,1.10206282,0.00000000,0.00000000,0.00000000
1.64611733,-0.11252266,1.38351870,0.00000000,0.00000000,0.00000000
1.65962964,-0.09070184,1.10100698,0.00000000,0.00000000,0.00000000
1.65150487,-0.09735010,1.33366597,0.00000000,0.00000000,0.00000000
1.65489125,-0.08456665,1.39374590,0.00000000,0.00000000,0.00000000
1.64734113,-0.06020064,1.20645797,0.00000000,0.00000000,0.00000000
1.65324211,-0.07616376,1.24918234,0.00000000,0.00000000,0.00000000
1.64738536,-0.06608617,1.30261779,0.00000000,0.00000000,0.00000000
1.64480108,-0.06452777,1.38027257,0.00000000,0.00000000,0.00000000
1.65525202,-0.07175277,1.39160010,0.00000000,0.00000000,0.00000000
1.64832890,-0.04486281,1.07791185,0.00000000,0.00000000,0.00000000
1.65129530,-0.04618286,1.12491691,0.00000000,0.00000000,0.00000000
1.64380229,-0.04677308,1.26726162,0.00000000,0.00000000,0.00000000
1.64883649,-0.04062276,1.31633520,0.00000000,0.00000000,0.00000000
1.64537179,-0.04677296,1.34492075,0.00000000,0.00000000,0.00000000
1.64759409,-0.04984616,1.38204396,0.00000000,0.00000000,0.00000000
1.64453852,-0.05184188,1.39110494,0.00000000,0.00000000,0.00000000
1.65055895,-0.03590240,1.00102067,0.00000000,0.00000000,0.00000000
1.64457834,-0.02343424,1.02981341,0.00000000,0.00000000,0.00000000
1.64358997,-0.03863933,1.15579379,0.00000000,0.00000000,0.00000000
1.65008581,-0.03487539,1.23979199,0.00000000,0.00000000,0.00000000
1.65379226,-0.01553015,0.96298379,0.00000000,0.00000000,0.00000000
1.64490438,-0.00554838,1.32432783,0.00000000,0.00000000,0.00000000
1.64874959,0.00486260,1.26811945,0.00000000,0.00000000,0.00000000
1.65567017,0.01636488,1.32756197,0.00000000,0.00000000,0.00000000
1.64927924,0.03552884,1.11928087,0.00000000,0.00000000,0.00000000
1.64923835,0.02074855,1.17672896,0.00000000,0.00000000,0.00000000
1.65286195,0.02979514,1.20310926,0.00000000,0.00000000,0.00000000
1.64562404,0.02971414,1.22764659,0.00000000,0.00000000,0.00000000
1.64971495,0.02430908,1.26237690,0.00000000,0.00000000,0.00000000
1.64783823,0.03004519,1.30218613,0.00000000,0.00000000,0.00000000
1.65241969,0.02710981,1.32809293,0.00000000,0.00000000,0.00000000
1.64872664,0.03142960,1.33462816,0.00000000,0.00000000,0.00000000
1.65103108,0.05404354,0.92334250,0.00000000,0.00000000,0.00000000
1.65495896,0.05266104,0.97680348,0.00000000,0.00000000,0.00000000
1.64742565,0.05173631,1.00263578,0.00000000,0.00000000,0.00000000
1.64851415,0.04345277,1.04349792,0.00000000,0.00000000,0.00000000
1.65024757,0.04680533,1.06179690,0.00000000,0.00000000,0.00000000
1.64128411,0.05183404,1.07441449,0.00000000,0.00000000,0.00000000
1.64931703,0.05166890,1.16138184,0.00000000,0.00000000,0.00000000
1.64154947,0.04820820,1.19101119,0.00000000,0.00000000,0.00000000
1.65018862,0.05150387,1.23940921,0.00000000,0.00000000,0.00000000
1.65816253,0.05094923,1.26754546,0.00000000,0.00000000,0.00000000
1.64618188,0.05333332,1.27984700,0.00000000,0.00000000,0.00000000
1.64427745,0.05143218,1.32046705,0.00000000,0.00000000,0.00000000
1.65118968,0.04165019,1.33529556,0.00000000,0.00000000,0.00000000
1.65859139,0.07629221,0.80900264,0.00000000,0.00000000,0.00000000
1.65533948,0.06288490,0.85129881,0.00000000,0.00000000,0.00000000
1.65139037,0.06772786,0.87731552,0.00000000,0.00000000,0.00000000
1.64315057,0.06264865,0.94329584,0.00000000,0.00000000,0.00000000
1.65343928,0.06643387,1.09449089,0.00000000,0.00000000,0.00000000
1.64791024,0.06024134,1.12831211,0.00000000,0.00000000,0.00000000
1.65268648,0.06557474,1.17527747,0.00000000,0.00000000,0.00000000
1.65035415,0.06675900,1.21186018,0.00000000,0.00000000,0.00000000
1.65004092,0.06974341,1.26202589,0.00000000,0.00000000,0.00000000
1.64633824,0.06560695,1.28223129,0.00000000,0.00000000,0.00000000
1.64239979,0.08052572,1.28198862,0.00000000,0.00000000,0.00000000
1.66344130,-0.25472677,0.77185142,0.00000000,0.00000000,0.00000000
1.66072839,-0.04867880,1.39192742,0.00000000,0.00000000,0.00000000
1.67981025,0.01143470,0.46455361,0.00000000,0.00000000,0.00000000
1.66134787,0.03913477,1.26843417,0.00000000,0.00000000,0.00000000
1.66116542,0.05728411,1.27262098,0.00000000,0.00000000,0.00000000
1.66199702,0.04908042,1.33457965,0.00000000,0.00000000,0.00000000
1.66477248,0.06802301,1.27535364,0.00000000,0.00000000,0.00000000
1.66380036,0.06468438,1.33628178,0.00000000,0.00000000,0.00000000
1.66880953,0.08816408,1.27888060,0.00000000,0.00000000,0.00000000
1.69073075,-0.04801411,0.46744493,0.00000000,0.00000000,0.00000000
1.69090893,-0.03137873,0.46767848,0.00000000,0.00000000,0.00000000
1.70026815,-0.03728812,1.51873624,0.00000000,0.00000000,0.00000000
1.68671895,-0.01067549,0.46691382,0.00000000,0.00000000,0.00000000
1.68085915,0.00268794,0.46571699,0.00000000,0.00000000,0.00000000
1.69319797,0.03677921,0.45615675,0.00000000,0.00000000,0.00000000
1.69097114,0.05325476,0.44766742,0.00000000,0.00000000,0.00000000
1.69780153,0.08221552,0.43593445,0.00000000,0.00000000,0.00000000
1.69719827,0.10363552,0.42210254,0.00000000,0.00000000,0.00000000
1.69904196,0.40166181,1.27811515,0.00000000,0.00000000,0.00000000
1.71080852,-0.09234697,1.51481700,0.00000000,0.00000000,0.00000000
1.71672535,-0.07445975,1.46164346,0.00000000,0.00000000,0.00000000
1.70823925,-0.06875256,1.52121202,0.00000000,0.00000000,0.00000000
1.71856236,-0.05214576,1.37295771,0.00000000,0.00000000,0.00000000
1.71371233,-0.04051799,1.42901993,0.00000000,0.00000000,0.00000000
1.71479118,-0.04515855,1.50134218,0.00000000,0.00000000,0.00000000
1.70893896,-0.04855783,1.51923138,0.00000000,0.00000000,0.00000000
1.71440148,-0.02023706,1.19809413,0.00000000,0.00000000,0.00000000
1.71517169,-0.02567295,1.24647677,0.00000000,0.00000000,0.00000000
1.70942473,-0.02239401,1.27382112,0.00000000,0.00000000,0.00000000
1.71355057,-0.03286686,1.33065605,0.00000000,0.00000000,0.00000000
1.71373701,-0.02160632,1.36005461,0.00000000,0.00000000,0.00000000
1.71055627,-0.02955641,1.38865197,0.00000000,0.00000000,0.00000000
1.71278286,-0.02955366,1.43752420,0.00000000,0.00000000,0.00000000
1.71308529,-0.03116129,1.46888256,0.00000000,0.00000000,0.00000000
1.71579087,-0.03602044,1.50845885,0.00000000,0.00000000,0.00000000
1.70823574,-0.03938193,1.51841438,0.00000000,0.00000000,0.00000000
1.71680629,-0.01676219,1.12006629,0.00000000,0.00000000,0.00000000
1.70974648,-0.00924896,1.14391506,0.00000000,0.00000000,0.00000000
1.71657515,0.00333265,1.08022273,0.00000000,0.00000000,0.00000000
1.70487845,0.03138615,0.45745632,0.00000000,0.00000000,0.00000000
1.71920441,0.05387910,1.55508314,0.00000000,0.00000000,0.00000000
1.71254230,0.07802474,0.43881527,0.00000000,0.00000000,0.00000000
1.71937567,0.07029706,1.55294529,0.00000000,0.00000000,0.00000000
1.71683788,0.08721399,1.55431024,0.00000000,0.00000000,0.00000000
1.70313931,0.10530982,0.41662520,0.00000000,0.00000000,0.00000000
1.70571744,0.12883304,0.39828455,0.00000000,0.00000000,0.00000000
1.70671272,0.15122613,0.37871400,0.00000000,0.00000000,0.00000000
1.70864356,0.32319379,1.36565864,0.00000000,0.00000000,0.00000000
1.70384276,0.36242780,1.32188702,0.00000000,0.00000000,0.00000000
1.73558877,-0.13169111,1.27939299,0.00000000,0.00000000,0.00000000
1.72987574,-0.10957425,1.28548849,0.00000000,0.00000000,0.00000000
1.72367162,-0.06498420,1.52126437,0.00000000,0.00000000,0.00000000
1.72893962,-0.05259554,1.52280089,0.00000000,0.00000000,0.00000000
1.72352286,-0.02678794,0.08870224,0.00000000,0.00000000,0.00000000
1.72577708,-0.03505988,0.09578391,0.00000000,0.00000000,0.00000000
1.73997808,-0.02711000,1.50991046,0.00000000,0.00000000,0.00000000
1.73558335,-0.02598005,1.51564209,0.00000000,0.00000000,0.00000000
1.72847462,-0.01681017,1.51309919,0.00000000,0.00000000,0.00000000
1.73196137,0.00115634,1.51406133,0.00000000,0.00000000,0.00000000
1.74028607,0.03559181,0.40301343,0.00000000,0.00000000,0.00000000
1.73384297,0.03863489,1.50806284,0.00000000,0.00000000,0.00000000
1.72443175,0.03706383,1.54400074,0.00000000,0.00000000,0.00000000
1.73030424,0.05531066,1.48953104,0.00000000,0.00000000,0.00000000
1.73963118,0.04881503,1.49397850,0.00000000,0.00000000,0.00000000
1.72100616,0.05519478,1.56026649,0.00000000,0.00000000,0.00000000
1.73671842,0.07077336,1.36895168,0.00000000,0.00000000,0.00000000
1.73125625,0.07770304,1.40125895,0.00000000,0.00000000,0.00000000
1.73862743,0.06059789,1.45210683,0.00000000,0.00000000,0.00000000
1.73323303,0.06862662,1.54724061,0.00000000,0.00000000,0.00000000
1.73315658,0.06380151,1.55543321,0.00000000,0.00000000,0.00000000
1.73390043,0.09047003,1.25047624,0.00000000,0.00000000,0.00000000
1.72907817,0.09874522,1.34660041,0.00000000,0.00000000,0.00000000
1.72498631,0.10023007,1.41587281,0.00000000,0.00000000,0.00000000
1.72926772,0.09087563,1.44581521,0.00000000,0.00000000,0.00000000
1.72748876,0.09933015,1.46867418,0.00000000,0.00000000,0.00000000
1.72861838,0.09862383,1.49517488,0.00000000,0.00000000,0.00000000
1.73001063,0.08581139,1.52095437,0.00000000,0.00000000,0.00000000
1.72754341,0.09089630,1.54134613,0.00000000,0.00000000,0.00000000
1.73266578,0.11609976,1.11618507,0.00000000,0.00000000,0.00000000
1.73324418,0.11362119,1.14425957,0.00000000,0.00000000,0.00000000
1.72464979,0.12015663,1.17376685,0.00000000,0.00000000,0.00000000
1.73105931,0.11095431,1.21710789,0.00000000,0.00000000,0.00000000
1.72808313,0.10526120,1.26917624,0.00000000,0.00000000,0.00000000
1.72334337,0.10730798,1.30230141,0.00000000,0.00000000,0.00000000
1.72789621,0.10798515,1.38863671,0.00000000,0.00000000,0.00000000
1.73188436,0.13433021,1.10196364,0.00000000,0.00000000,0.00000000
1.73589885,0.36821893,1.37537193,0.00000000,0.00000000,0.00000000
1.74390892,-0.12666328,1.28633503,0.00000000,0.00000000,0.00000000
1.75495413,-0.10879201,1.29286060,0.00000000,0.00000000,0.00000000
1.74962413,-0.09827264,1.29339445,0.00000000,0.00000000,0.00000000
1.75149071,-0.04988935,1.50949529,0.00000000,0.00000000,0.00000000
1.75016537,-0.04809271,1.51190321,0.00000000,0.00000000,0.00000000
1.75181830,-0.02923379,1.50149858,0.00000000,0.00000000,0.00000000
1.74433029,-0.03379689,1.51290071,0.00000000,0.00000000,0.00000000
1.74918777,-0.00641446,0.40834451,0.00000000,0.00000000,0.00000000
1.75644988,-0.00257247,1.50991428,0.00000000,0.00000000,0.00000000
1.75388036,-0.01022361,1.51175179,0.00000000,0.00000000,0.00000000
1.74736970,0.01220897,0.40625690,0.00000000,0.00000000,0.00000000
1.75541325,0.00909790,1.50626095,0.00000000,0.00000000,0.00000000
1.74229991,0.02884101,0.40427295,0.00000000,0.00000000,0.00000000
1.75895095,0.02361291,1.50035167,0.00000000,0.00000000,0.00000000
1.75301170,0.05211642,1.39833486,0.00000000,0.00000000,0.00000000
1.75511169,0.04275170,1.47454810,0.00000000,0.00000000,0.00000000
1.74918151,0.07538506,0.39183976,0.00000000,0.00000000,0.00000000
1.75248730,0.06443059,1.29700434,0.00000000,0.00000000,0.00000000
1.74228879,0.07361658,1.55446088,0.00000000,0.00000000,0.00000000
1.74645066,0.09438173,0.38407949,0.00000000,0.00000000,0.00000000
1.75268352,0.09807975,1.08680260,0.00000000,0.00000000,0.00000000
1.75065625,0.08787417,1.16351414,0.00000000,0.00000000,0.00000000
1.75159645,0.08619935,1.21263719,0.00000000,0.00000000,0.00000000
1.74885678,0.09674682,1.33150363,0.00000000,0.00000000,0.00000000
1.74804163,0.08470965,1.41325152,0.00000000,0.00000000,0.00000000
1.74594796,0.08995089,1.55464828,0.00000000,0.00000000,0.00000000
1.75176156,0.12436109,0.37012717,0.00000000,0.00000000,0.00000000
1.75175190,0.12152930,0.37297443,0.00000000,0.00000000,0.00000000
1.75173473,0.12758994,1.04326475,0.00000000,0.00000000,0.00000000
1.75329363,0.14812417,0.35617478,0.00000000,0.00000000,0.00000000
1.75507057,0.17769691,0.33535084,0.00000000,0.00000000,0.00000000
1.75833058,0.17935532,1.14916623,0.00000000,0.00000000,0.00000000
1.75846493,0.18978196,0.32598734,0.00000000,0.00000000,0.00000000
1.74118185,0.40157428,1.32833183,0.00000000,0.00000000,0.00000000
1.75792384,0.41127709,1.38397098,0.00000000,0.00000000,0.00000000
1.74646509,0.43492961,1.28129172,0.00000000,0.00000000,0.00000000
1.77465546,-0.12339037,1.23951924,0.00000000,0.00000000,0.00000000
1.76959312,-0.13367674,1.28602934,0.00000000,0.00000000,0.00000000
1.77827358,-0.10480027,0.79181850,0.00000000,0.00000000,0.00000000
1.77615237,-0.10587164,1.15926528,0.00000000,0.00000000,0.00000000
1.77024603,-0.10977278,1.29498725,0.00000000,0.00000000,0.00000000
1.76331499,-0.09753361,0.06164911,0.00000000,0.00000000,0.00000000
1.77856421,-0.08176764,0.85003006,0.00000000,0.00000000,0.00000000
1.77911615,-0.08618128,0.88269621,0.00000000,0.00000000,0.00000000
1.77177417,-0.08255856,0.99564725,0.00000000,0.00000000,0.00000000
1.77721035,-0.08188752,1.04378891,0.00000000,0.00000000,0.00000000
1.77038217,-0.09506533,1.11929083,0.00000000,0.00000000,0.00000000
1.76736462,-0.08162743,1.18315125,0.00000000,0.00000000,0.00000000
1.77069354,-0.09839420,1.21330380,0.00000000,0.00000000,0.00000000
1.76742864,-0.08258035,1.25790870,0.00000000,0.00000000,0.00000000
1.77247608,-0.09803073,1.28182197,0.00000000,0.00000000,0.00000000
1.76661485,-0.08528306,1.29570127,0.00000000,0.00000000,0.00000000
1.77433026,-0.07358830,0.92017025,0.00000000,0.00000000,0.00000000
1.76933920,-0.06264652,0.95593029,0.00000000,0.00000000,0.00000000
1.76842618,-0.07505737,1.07676244,0.00000000,0.00000000,0.00000000
1.77532160,-0.06921934,1.15829480,0.00000000,0.00000000,0.00000000
1.77376282,-0.07307342,1.23299468,0.00000000,0.00000000,0.00000000
1.77844083,-0.05458041,0.88583124,0.00000000,0.00000000,0.00000000
1.77694023,-0.05595473,0.92280924,0.00000000,0.00000000,0.00000000
1.78003991,-0.04771271,0.95910960,0.00000000,0.00000000,0.00000000
1.77773738,-0.03607960,0.95781630,0.00000000,0.00000000,0.00000000
1.78001499,-0.03522699,1.36729062,0.00000000,0.00000000,0.00000000
1.77438486,-0.02592528,1.37559277,0.00000000,0.00000000,0.00000000
1.77703702,-0.01016947,0.96705705,0.00000000,0.00000000,0.00000000
1.77307916,-0.00767808,1.38038456,0.00000000,0.00000000,0.00000000
1.77213776,0.01620137,0.96995475,0.00000000,0.00000000,0.00000000
1.77387452,0.00702303,0.97082323,0.00000000,0.00000000,0.00000000
1.77657306,0.01989073,1.37468898,0.00000000,0.00000000,0.00000000
1.76206636,0.00731590,1.43738616,0.00000000,0.00000000,0.00000000
1.76912682,0.03294099,0.96877804,0.00000000,0.00000000,0.00000000
1.77751672,0.03145502,1.23863232,0.00000000,0.00000000,0.00000000
1.77926159,0.02800280,1.32038462,0.00000000,0.00000000,0.00000000
1.76676052,0.04358250,0.96802076,0.00000000,0.00000000,0.00000000
1.77697098,0.05548071,0.99643558,0.00000000,0.00000000,0.00000000
1.77655160,0.04079858,1.12460423,0.00000000,0.00000000,0.00000000
1.76076519,0.04274460,1.34575224,0.00000000,0.00000000,0.00000000
1.76204979,0.07056881,0.39413577,0.00000000,0.00000000,0.00000000
1.77974731,0.08603952,0.05827538,0.00000000,0.00000000,0.00000000
1.76756370,0.11816201,0.37494382,0.00000000,0.00000000,0.00000000
1.76102924,0.16716176,0.34340295,0.00000000,0.00000000,0.00000000
1.76244652,0.19609733,0.32080561,0.00000000,0.00000000,0.00000000
1.78001809,0.19621180,1.18068218,0.00000000,0.00000000,0.00000000
1.78054106,0.23295979,1.25091434,0.00000000,0.00000000,0.00000000
1.76213932,0.31387559,1.36516285,0.00000000,0.00000000,0.00000000
1.76337194,0.35405791,1.32333398,0.00000000,0.00000000,0.00000000
1.76460457,0.39424026,1.28150523,0.00000000,0.00000000,0.00000000
1.78064764,-0.12511076,0.57545274,0.00000000,0.00000000,0.00000000
1.78237200,-0.12574919,0.60573483,0.00000000,0.00000000,0.00000000
1.78405929,-0.13464226,0.64629877,0.00000000,0.00000000,0.00000000
1.78081954,-0.12201697,0.67342317,0.00000000,0.00000000,0.00000000
1.78982592,-0.12470642,0.72445810,0.00000000,0.00000000,0.00000000
1.78231895,-0.11112243,0.75197536,0.00000000,0.00000000,0.00000000
1.78253722,-0.09687977,0.83299163,0.00000000,0.00000000,0.00000000
1.78246987,-0.08000368,0.90214771,0.00000000,0.00000000,0.00000000
1.78216159,-0.07507116,0.91181326,0.00000000,0.00000000,0.00000000
1.78202903,-0.06189697,0.94816107,0.00000000,0.00000000,0.00000000
1.79945693,-0.04469099,0.08264602,0.00000000,0.00000000,0.00000000
1.78311032,-0.04464075,1.36551902,0.00000000,0.00000000,0.00000000
1.79892743,-0.02095421,0.46658465,0.00000000,0.00000000,0.00000000
1.78781083,-0.02990551,0.96507496,0.00000000,0.00000000,0.00000000
1.78325069,-0.03294418,1.36176872,0.00000000,0.00000000,0.00000000
1.79383415,-0.02048535,1.37753636,0.00000000,0.00000000,0.00000000
1.79518379,-0.00580463,0.46583693,0.00000000,0.00000000,0.00000000
1.78939497,-0.00912181,0.96613774,0.00000000,0.00000000,0.00000000
1.78942502,-0.01206123,1.29810691,0.00000000,0.00000000,0.00000000
1.79231660,-0.00386976,1.36854724,0.00000000,0.00000000,0.00000000
1.79297516,-0.01599134,1.37519221,0.00000000,0.00000000,0.00000000
1.79409790,0.00088333,0.46531075,0.00000000,0.00000000,0.00000000
1.79148829,0.00608809,0.96605262,0.00000000,0.00000000,0.00000000
1.78975999,0.00923543,1.20945251,0.00000000,0.00000000,0.00000000
1.78475547,0.01824953,1.26320326,0.00000000,0.00000000,0.00000000
1.78725231,0.01681481,1.33734608,0.00000000,0.00000000,0.00000000
1.79067087,0.00810934,1.36066830,0.00000000,0.00000000,0.00000000
1.79398096,0.02238010,0.96690440,0.00000000,0.00000000,0.00000000
1.78499544,0.03716790,1.03467274,0.00000000,0.00000000,0.00000000
1.78665078,0.03612798,1.08398843,0.00000000,0.00000000,0.00000000
1.78433013,0.02318681,1.16405880,0.00000000,0.00000000,0.00000000
1.78085196,0.02237864,1.36129057,0.00000000,0.00000000,0.00000000
1.78697336,0.04512139,0.95919192,0.00000000,0.00000000,0.00000000
1.78595459,0.04983670,1.20171857,0.00000000,0.00000000,0.00000000
1.78520989,0.04435859,1.28118253,0.00000000,0.00000000,0.00000000
1.78963304,0.06754860,0.91960126,0.00000000,0.00000000,0.00000000
1.78057277,0.08681598,0.05750173,0.00000000,0.00000000,0.00000000
1.78142905,0.17206481,1.14616179,0.00000000,0.00000000,0.00000000
1.78309858,0.25898623,1.09498811,0.00000000,0.00000000,0.00000000
1.78135753,0.24263611,1.18948364,0.00000000,0.00000000,0.00000000
1.78489423,0.27084127,1.04646873,0.00000000,0.00000000,0.00000000
1.78294873,0.26810321,1.14689040,0.00000000,0.00000000,0.00000000
1.78360057,0.26822680,1.21984565,0.00000000,0.00000000,0.00000000
1.78586793,0.26353052,1.24553263,0.00000000,0.00000000,0.00000000
1.79953432,0.28016803,1.26227200,0.00000000,0.00000000,0.00000000
1.79570317,0.26085937,1.28097749,0.00000000,0.00000000,0.00000000
1.79284668,0.29052892,0.84148669,0.00000000,0.00000000,0.00000000
1.78863442,0.28133196,0.91355807,0.00000000,0.00000000,0.00000000
1.78692019,0.28184494,0.96712071,0.00000000,0.00000000,0.00000000
1.79294658,0.29159847,1.01928723,0.00000000,0.00000000,0.00000000
1.78927696,0.29847008,1.08897662,0.00000000,0.00000000,0.00000000
1.79540050,0.28621769,1.14085174,0.00000000,0.00000000,0.00000000
1.78868246,0.29558897,1.17297769,0.00000000,0.00000000,0.00000000
1.79998779,0.28466222,1.22253537,0.00000000,0.00000000,0.00000000
1.79746556,0.30811045,0.79301971,0.00000000,0.00000000,0.00000000
1.79436195,0.30238146,0.88336611,0.00000000,0.00000000,0.00000000
1.78334129,0.43651891,1.34116626,0.00000000,0.00000000,0.00000000
1.78071308,0.45600331,1.39551950,0.00000000,0.00000000,0.00000000
1.82017660,-0.09803049,0.90422589,0.00000000,0.00000000,0.00000000
1.82051921,-0.06757126,0.36638820,0.00000000,0.00000000,0.00000000
1.81649601,-0.06142731,0.62298769,0.00000000,0.00000000,0.00000000
1.81735241,-0.07197954,0.63271469,0.00000000,0.00000000,0.00000000
1.81756413,-0.06981306,0.90866375,0.00000000,0.00000000,0.00000000
1.80234143,-0.05150804,0.08529167,0.00000000,0.00000000,0.00000000
1.80585685,-0.04924994,0.46528503,0.00000000,0.00000000,0.00000000
1.81717634,-0.04670759,0.62675425,0.00000000,0.00000000,0.00000000
1.81961143,-0.05492986,0.63267256,0.00000000,0.00000000,0.00000000
1.80849950,-0.04668875,0.90741895,0.00000000,0.00000000,0.00000000
1.81406042,-0.02921002,0.36859549,0.00000000,0.00000000,0.00000000
1.80635192,-0.03129903,0.46453184,0.00000000,0.00000000,0.00000000
1.81839573,-0.02982298,0.58209723,0.00000000,0.00000000,0.00000000
1.81237996,-0.02951513,0.63341847,0.00000000,0.00000000,0.00000000
1.80701605,-0.02631474,0.90333837,0.00000000,0.00000000,0.00000000
1.80413768,-0.01717680,0.46310267,0.00000000,0.00000000,0.00000000
1.80895631,-0.01032146,0.63357677,0.00000000,0.00000000,0.00000000
1.80542295,-0.01333607,0.90272950,0.00000000,0.00000000,0.00000000
1.80754354,0.00536166,0.63256738,0.00000000,0.00000000,0.00000000
1.81955588,0.02703543,0.35058674,0.00000000,0.00000000,0.00000000
1.80540705,0.03570064,0.44858178,0.00000000,0.00000000,0.00000000
1.81217831,0.02799780,0.45149933,0.00000000,0.00000000,0.00000000
1.81409568,0.06018529,0.05498309,0.00000000,0.00000000,0.00000000
1.80340970,0.05216441,0.44207412,0.00000000,0.00000000,0.00000000
1.81572181,0.06099603,0.05317501,0.00000000,0.00000000,0.00000000
1.80932879,0.08212269,0.42681211,0.00000000,0.00000000,0.00000000
1.80888164,0.08039302,0.43075135,0.00000000,0.00000000,0.00000000
1.81395769,0.10834489,0.40863872,0.00000000,0.00000000,0.00000000
1.80996108,0.10498125,0.41369207,0.00000000,0.00000000,0.00000000
1.81354237,0.13554388,0.39051798,0.00000000,0.00000000,0.00000000
1.81912124,0.14820538,0.37874866,0.00000000,0.00000000,0.00000000
1.80656016,0.16655192,1.14813435,0.00000000,0.00000000,0.00000000
1.80249929,0.21184835,1.21415341,0.00000000,0.00000000,0.00000000
1.81674695,0.23037146,1.25269508,0.00000000,0.00000000,0.00000000
1.81938004,0.25602731,1.29446471,0.00000000,0.00000000,0.00000000
1.81097341,0.27990451,1.28276396,0.00000000,0.00000000,0.00000000
1.80875885,0.46176073,1.29836142,0.00000000,0.00000000,0.00000000
1.81732011,0.47466779,1.37963259,0.00000000,0.00000000,0.00000000
1.81762516,0.48769069,1.31315720,0.00000000,0.00000000,0.00000000
1.81799996,0.51769108,1.16630936,0.00000000,0.00000000,0.00000000
1.81591141,0.51456410,1.26893091,0.00000000,0.00000000,0.00000000
1.81870842,0.51664895,1.33673310,0.00000000,0.00000000,0.00000000
1.81626892,0.52909595,1.08807540,0.00000000,0.00000000,0.00000000
1.82991266,-0.20651218,0.62249333,0.00000000,0.00000000,0.00000000
1.82901430,-0.19173265,0.55652738,0.00000000,0.00000000,0.00000000
1.82832885,-0.19529355,0.58075422,0.00000000,0.00000000,0.00000000
1.82622159,-0.18993025,0.64334285,0.00000000,0.00000000,0.00000000
1.83585668,-0.19474879,0.69112587,0.00000000,0.00000000,0.00000000
1.82832956,-0.18123728,0.71750480,0.00000000,0.00000000,0.00000000
1.82336044,-0.17057748,0.75315899,0.00000000,0.00000000,0.00000000
1.82964510,-0.16338720,0.79537567,0.00000000,0.00000000,0.00000000
1.82417369,-0.14771688,0.80688572,0.00000000,0.00000000,0.00000000
1.82383358,-0.15118277,0.83917576,0.00000000,0.00000000,0.00000000
1.82813275,-0.14736712,0.86330384,0.00000000,0.00000000,0.00000000
1.82848740,-0.13835566,0.86453402,0.00000000,0.00000000,0.00000000
1.82445443,-0.12672229,0.89946169,0.00000000,0.00000000,0.00000000
1.82131839,-0.11963893,0.87409306,0.00000000,0.00000000,0.00000000
1.82510249,-0.10362749,0.90678294,0.00000000,0.00000000,0.00000000
1.82651099,-0.08450979,0.90946364,0.00000000,0.00000000,0.00000000
1.82217538,-0.06703626,0.36636832,0.00000000,0.00000000,0.00000000
1.82224619,-0.07106318,0.63230908,0.00000000,0.00000000,0.00000000
1.82862854,-0.06767534,0.90890920,0.00000000,0.00000000,0.00000000
1.82184631,-0.05055067,0.36632873,0.00000000,0.00000000,0.00000000
1.82957661,-0.04892702,0.59813273,0.00000000,0.00000000,0.00000000
1.82094342,-0.04249807,0.63211709,0.00000000,0.00000000,0.00000000
1.83166426,-0.04714126,0.90880650,0.00000000,0.00000000,0.00000000
1.82369530,-0.03737373,0.36572099,0.00000000,0.00000000,0.00000000
1.83487976,-0.02004754,0.46021807,0.00000000,0.00000000,0.00000000
1.83225679,-0.02229592,0.49859875,0.00000000,0.00000000,0.00000000
1.83506799,-0.02929973,0.55800331,0.00000000,0.00000000,0.00000000
1.82194400,-0.03035981,0.60087070,0.00000000,0.00000000,0.00000000
1.82274306,-0.02877524,0.63158494,0.00000000,0.00000000,0.00000000
1.82666743,-0.00093124,0.46617222,0.00000000,0.00000000,0.00000000
1.82499951,-0.01310609,0.52043161,0.00000000,0.00000000,0.00000000
1.82507485,-0.01653562,0.55691963,0.00000000,0.00000000,0.00000000
1.82442129,0.00781633,0.35687460,0.00000000,0.00000000,0.00000000
1.83521760,0.00831022,0.41777682,0.00000000,0.00000000,0.00000000
1.83110654,0.00309175,0.43144989,0.00000000,0.00000000,0.00000000
1.82766815,0.04874975,0.34108181,0.00000000,0.00000000,0.00000000
1.82580217,0.07325821,0.32716920,0.00000000,0.00000000,0.00000000
1.82291424,0.07145759,0.43099904,0.00000000,0.00000000,0.00000000
1.82664716,0.09781802,0.30965513,0.00000000,0.00000000,0.00000000
1.83221471,0.08837947,0.31413335,0.00000000,0.00000000,0.00000000
1.83084798,0.11053366,0.29921328,0.00000000,0.00000000,0.00000000
1.82081580,0.12343490,0.39569440,0.00000000,0.00000000,0.00000000
1.82455516,0.15540615,0.37225643,0.00000000,0.00000000,0.00000000
1.82974970,0.16075809,1.15084648,0.00000000,0.00000000,0.00000000
1.82159305,0.19515328,1.19860375,0.00000000,0.00000000,0.00000000
1.83871889,0.20695305,1.23436403,0.00000000,0.00000000,0.00000000
1.83391690,0.23496073,1.30765843,0.00000000,0.00000000,0.00000000
1.83534646,0.24658678,1.24562645,0.00000000,0.00000000,0.00000000
1.83708096,0.27504814,1.10411966,0.00000000,0.00000000,0.00000000
1.83746946,0.26345602,1.15066302,0.00000000,0.00000000,0.00000000
1.83558309,0.27243754,1.20426142,0.00000000,0.00000000,0.00000000
1.83710706,0.27348268,1.27660179,0.00000000,0.00000000,0.00000000
1.84040904,0.26768488,1.30106246,0.00000000,0.00000000,0.00000000
1.84001863,0.28644451,0.97187519,0.00000000,0.00000000,0.00000000
1.83803010,0.28670964,1.02541721,0.00000000,0.00000000,0.00000000
1.84007180,0.29197526,1.08100545,0.00000000,0.00000000,0.00000000
1.82068563,0.30715430,1.36664498,0.00000000,0.00000000,0.00000000
1.82597089,0.34664434,1.32483006,0.00000000,0.00000000,0.00000000
1.83125627,0.38613436,1.28301513,0.00000000,0.00000000,0.00000000
1.82357252,0.48006478,1.32212472,0.00000000,0.00000000,0.00000000
1.82498252,0.46819708,1.36054945,0.00000000,0.00000000,0.00000000
1.82846308,0.49633121,1.19758415,0.00000000,0.00000000,0.00000000
1.82643449,0.48873636,1.25999385,0.00000000,0.00000000,0.00000000
1.83174336,0.49396782,1.42366004,0.00000000,0.00000000,0.00000000
1.83408904,0.51130134,1.09598947,0.00000000,0.00000000,0.00000000
1.82842600,0.50857764,1.15375185,0.00000000,0.00000000,0.00000000
1.82298911,0.51209959,1.21143359,0.00000000,0.00000000,0.00000000
1.83681858,0.51594901,1.24742520,0.00000000,0.00000000,0.00000000
1.82518220,0.51925051,1.27903044,0.00000000,0.00000000,0.00000000
1.83117115,0.51318967,1.30523348,0.00000000,0.00000000,0.00000000
1.83202779,0.50675434,1.36668462,0.00000000,0.00000000,0.00000000
1.83992982,0.53461409,0.91489524,0.00000000,0.00000000,0.00000000
1.82437420,0.53701264,0.96340519,0.00000000,0.00000000,0.00000000
1.83211511,0.53427497,0.97271854,0.00000000,0.00000000,0.00000000
1.82252288,0.53026032,1.02976322,0.00000000,0.00000000,0.00000000
1.82463646,0.53260440,1.03059173,0.00000000,0.00000000,0.00000000
1.83399785,0.52413261,1.05133557,0.00000000,0.00000000,0.00000000
1.83184046,0.52927634,1.10172945,0.00000000,0.00000000,0.00000000
1.83051181,0.52689019,1.15289772,0.00000000,0.00000000,0.00000000
1.83165610,0.52185202,1.22132766,0.00000000,0.00000000,0.00000000
1.84008372,0.52227235,1.27894735,0.00000000,0.00000000,0.00000000
1.82364774,0.53758359,1.30272567,0.00000000,0.00000000,0.00000000
1.83045471,0.54947039,0.90656736,0.00000000,0.00000000,0.00000000
1.83659077,0.55052644,0.95365715,0.00000000,0.00000000,0.00000000
1.82838285,0.54587734,1.01111996,0.00000000,0.00000000,0.00000000
1.83844781,0.55204082,1.10131991,0.00000000,0.00000000,0.00000000
1.83113956,0.54698241,1.15880311,0.00000000,0.00000000,0.00000000
1.83831215,0.54879409,1.18792820,0.00000000,0.00000000,0.00000000
1.82383132,0.54192400,1.21628630,0.00000000,0.00000000,0.00000000
1.83097994,0.54318887,1.24532688,0.00000000,0.00000000,0.00000000
1.83658850,0.56038511,0.84970570,0.00000000,0.00000000,0.00000000
1.85528886,0.15310159,1.15448546,0.00000000,0.00000000,0.00000000
1.84774804,0.17793846,1.19272435,0.00000000,0.00000000,0.00000000
1.85638320,0.21543191,1.27350950,0.00000000,0.00000000,0.00000000
1.84296727,0.23244418,1.35676801,0.00000000,0.00000000,0.00000000
1.84545398,0.24515010,1.29457307,0.00000000,0.00000000,0.00000000
1.84777164,0.25886172,1.33808744,0.00000000,0.00000000,0.00000000
1.85872090,0.25288403,1.38650620,0.00000000,0.00000000,0.00000000
1.84883487,0.27464837,1.15271676,0.00000000,0.00000000,0.00000000
1.84785509,0.26322287,1.19957185,0.00000000,0.00000000,0.00000000
1.84801114,0.27166614,1.25268614,0.00000000,0.00000000,0.00000000
1.84925687,0.27564104,1.32292527,0.00000000,0.00000000,0.00000000
1.85469111,0.27328131,1.34241347,0.00000000,0.00000000,0.00000000
1.85666358,0.27464676,1.36990070,0.00000000,0.00000000,0.00000000
1.86053181,0.26937240,1.39512455,0.00000000,0.00000000,0.00000000
1.84344041,0.29445964,0.90045071,0.00000000,0.00000000,0.00000000
1.85546803,0.29386315,0.94897884,0.00000000,0.00000000,0.00000000
1.85143018,0.28676254,1.02055454,0.00000000,0.00000000,0.00000000
1.84979606,0.28632790,1.07401168,0.00000000,0.00000000,0.00000000
1.84803152,0.28931776,1.13029623,0.00000000,0.00000000,0.00000000
1.84942931,0.29180652,1.19825643,0.00000000,0.00000000,0.00000000
1.84056604,0.29737645,1.23087358,0.00000000,0.00000000,0.00000000
1.85077727,0.28030643,1.25113082,0.00000000,0.00000000,0.00000000
1.85114080,0.28851061,1.28084230,0.00000000,0.00000000,0.00000000
1.84783471,0.31400311,0.85152465,0.00000000,0.00000000,0.00000000
1.84095621,0.30441067,0.94556063,0.00000000,0.00000000,0.00000000
1.85064197,0.30296946,0.99459237,0.00000000,0.00000000,0.00000000
1.84124124,0.30103102,1.14673686,0.00000000,0.00000000,0.00000000
1.84517241,0.51284468,1.31345463,0.00000000,0.00000000,0.00000000
1.85273707,0.52010596,1.35779595,0.00000000,0.00000000,0.00000000
1.85884273,0.51657045,1.39235973,0.00000000,0.00000000,0.00000000
1.84240258,0.51492542,1.41805124,0.00000000,0.00000000,0.00000000
1.85207260,0.53675783,1.16425252,0.00000000,0.00000000,0.00000000
1.84607816,0.52951509,1.22159994,0.00000000,0.00000000,0.00000000
1.85794747,0.52672035,1.30027485,0.00000000,0.00000000,0.00000000
1.84227931,0.54401195,0.84855849,0.00000000,0.00000000,0.00000000
1.84479892,0.55517554,0.89619440,0.00000000,0.00000000,0.00000000
1.84485936,0.54362750,1.03725231,0.00000000,0.00000000,0.00000000
1.84559429,0.56234187,0.79225844,0.00000000,0.00000000,0.00000000
1.87394762,0.16259345,1.19213057,0.00000000,0.00000000,0.00000000
1.86184561,0.20226653,1.22739828,0.00000000,0.00000000,0.00000000
1.87574244,0.20932321,1.26788473,0.00000000,0.00000000,0.00000000
1.86485624,0.22767113,1.31776941,0.00000000,0.00000000,0.00000000
1.86414397,0.24871449,1.26425469,0.00000000,0.00000000,0.00000000
1.86400414,0.24749553,1.35968423,0.00000000,0.00000000,0.00000000
1.86213577,0.24244167,1.40939307,0.00000000,0.00000000,0.00000000
1.87267900,0.29829273,1.36825860,0.00000000,0.00000000,0.00000000
1.86107719,0.31496346,0.89972961,0.00000000,0.00000000,0.00000000
1.86925197,0.48039091,1.32557940,0.00000000,0.00000000,0.00000000
1.87799656,0.49228197,1.38509738,0.00000000,0.00000000,0.00000000
1.86726403,0.51934850,1.36963236,0.00000000,0.00000000,0.00000000
1.86315787,0.53333479,1.24275398,0.00000000,0.00000000,0.00000000
1.86489177,0.52806956,1.27687883,0.00000000,0.00000000,0.00000000
1.86186719,0.52232003,1.33461928,0.00000000,0.00000000,0.00000000
1.88625240,0.14151147,1.15981758,0.00000000,0.00000000,0.00000000
1.89701104,0.14808616,1.19273794,0.00000000,0.00000000,0.00000000
1.89037716,0.17899986,1.21883225,0.00000000,0.00000000,0.00000000
1.88681257,0.21336058,1.31312966,0.00000000,0.00000000,0.00000000
1.88347960,0.22255565,1.36388874,0.00000000,0.00000000,0.00000000
1.88133907,0.33658153,1.32609642,0.00000000,0.00000000,0.00000000
1.88999939,0.37487039,1.28393424,0.00000000,0.00000000,0.00000000
1.89212549,0.52377164,1.32121336,0.00000000,0.00000000,0.00000000
1.91651130,0.12705520,1.16624224,0.00000000,0.00000000,0.00000000
1.91739130,0.15660287,1.21614623,0.00000000,0.00000000,0.00000000
1.91982698,0.22319891,1.26598549,0.00000000,0.00000000,0.00000000
1.90695107,0.23926914,1.32875454,0.00000000,0.00000000,0.00000000
1.91308415,0.23396939,1.37809312,0.00000000,0.00000000,0.00000000
1.92124927,0.13125049,1.19447863,0.00000000,0.00000000,0.00000000
1.93988621,0.13570021,1.21528339,0.00000000,0.00000000,0.00000000
1.92673111,0.28508735,1.37016428,0.00000000,0.00000000,0.00000000
1.93913126,0.32153112,1.32742047,0.00000000,0.00000000,0.00000000
1.92412877,0.47856361,1.40559042,0.00000000,0.00000000,0.00000000
1.92439735,0.48994038,1.35007513,0.00000000,0.00000000,0.00000000
1.94798863,0.10757564,1.17476153,0.00000000,0.00000000,0.00000000
1.94896162,0.10923877,1.19831157,0.00000000,0.00000000,0.00000000
1.95220995,0.20903389,1.33604980,0.00000000,0.00000000,0.00000000
1.95391452,0.20406456,1.38577306,0.00000000,0.00000000,0.00000000
1.95153141,0.35797489,1.28467679,0.00000000,0.00000000,0.00000000
1.94254148,0.48312384,1.35052431,0.00000000,0.00000000,0.00000000
1.97437727,0.08617654,1.18422222,0.00000000,0.00000000,0.00000000
1.97413397,0.08556171,1.20440590,0.00000000,0.00000000,0.00000000
1.96222544,0.11235278,1.21601534,0.00000000,0.00000000,0.00000000
1.96176314,0.19358748,1.26864111,0.00000000,0.00000000,0.00000000
1.96095431,0.48768407,1.29545808,0.00000000,0.00000000,0.00000000
1.99803555,0.05788610,1.21421349,0.00000000,0.00000000,0.00000000
1.99472129,0.06460646,1.19414711,0.00000000,0.00000000,0.00000000
1.98622572,0.08352488,1.21952915,0.00000000,0.00000000,0.00000000
1.99518287,0.15929426,1.27187908,0.00000000,0.00000000,0.00000000
1.98590386,0.17692414,1.34230149,0.00000000,0.00000000,0.00000000
1.98416960,0.17320916,1.39213324,0.00000000,0.00000000,0.00000000
1.98738194,0.26408473,1.37269652,0.00000000,0.00000000,0.00000000
1.99481308,0.44768962,1.40745032,0.00000000,0.00000000,0.00000000
2.02033544,0.00203797,1.25172210,0.00000000,0.00000000,0.00000000
2.01284957,0.03805033,1.20752084,0.00000000,0.00000000,0.00000000
2.01587343,0.03125022,1.22659385,0.00000000,0.00000000,0.00000000
2.00663185,0.05447074,1.22625148,0.00000000,0.00000000,0.00000000
2.01663423,0.12884797,1.27470028,0.00000000,0.00000000,0.00000000
2.00844765,0.13953862,1.39747214,0.00000000,0.00000000,0.00000000
2.01286721,0.14123796,1.34769690,0.00000000,0.00000000,0.00000000
2.00445533,0.29749566,1.32900023,0.00000000,0.00000000,0.00000000
2.03772354,-0.03999493,1.28412616,0.00000000,0.00000000,0.00000000
2.03055692,-0.04172423,1.32045162,0.00000000,0.00000000,0.00000000
2.03279209,-0.03969654,1.37036049,0.00000000,0.00000000,0.00000000
2.03626144,-0.01241020,1.25637943,0.00000000,0.00000000,0.00000000
2.02319503,0.01218197,1.22404897,0.00000000,0.00000000,0.00000000
2.02775645,0.00733464,1.24056566,0.00000000,0.00000000,0.00000000
2.02455854,0.02263656,1.23775065,0.00000000,0.00000000,0.00000000
2.03367805,0.09631754,1.27801085,0.00000000,0.00000000,0.00000000
2.03650308,0.08077990,1.40469396,0.00000000,0.00000000,0.00000000
2.03016829,0.11029471,1.35145366,0.00000000,0.00000000,0.00000000
2.02414870,0.11077100,1.40108764,0.00000000,0.00000000,0.00000000
2.02152872,0.33090663,1.28530383,0.00000000,0.00000000,0.00000000
2.02379656,0.44579536,1.35725772,0.00000000,0.00000000,0.00000000
2.04228425,-0.06657315,1.32623088,0.00000000,0.00000000,0.00000000
2.04543805,-0.05365125,1.29461181,0.00000000,0.00000000,0.00000000
2.04303575,-0.03020156,1.26985013,0.00000000,0.00000000,0.00000000
2.05545259,-0.03554080,1.37214279,0.00000000,0.00000000,0.00000000
2.05485392,-0.01649302,1.29433906,0.00000000,0.00000000,0.00000000
2.04993916,-0.01957370,1.41920292,0.00000000,0.00000000,0.00000000
2.05749297,0.01331767,1.36567712,0.00000000,0.00000000,0.00000000
2.05378747,0.03150991,1.28757071,0.00000000,0.00000000,0.00000000
2.04969764,0.02241215,1.41422117,0.00000000,0.00000000,0.00000000
2.05264854,0.04537751,1.35997403,0.00000000,0.00000000,0.00000000
2.04495740,0.05118717,1.40903616,0.00000000,0.00000000,0.00000000
2.04598975,0.06368733,1.28226662,0.00000000,0.00000000,0.00000000
2.04359961,0.07774132,1.35529351,0.00000000,0.00000000,0.00000000
2.04181838,0.23817480,1.37553835,0.00000000,0.00000000,0.00000000
2.05273080,0.41287214,1.40581572,0.00000000,0.00000000,0.00000000
2.05278039,0.44390109,1.30706501,0.00000000,0.00000000,0.00000000
2.06341815,0.26753402,1.33057022,0.00000000,0.00000000,0.00000000
2.09456348,0.20528086,1.37899768,0.00000000,0.00000000,0.00000000
2.08501792,0.29689327,1.28560209,0.00000000,0.00000000,0.00000000
2.08968401,0.40159744,1.36266279,0.00000000,0.00000000,0.00000000
2.12033343,0.22868384,1.33218992,0.00000000,0.00000000,0.00000000
2.10850501,0.36998743,1.40253496,0.00000000,0.00000000,0.00000000
2.13748717,0.17240804,1.38212001,0.00000000,0.00000000,0.00000000
2.12663770,0.39032274,1.31951010,0.00000000,0.00000000,0.00000000
2.14610338,0.25208682,1.28538215,0.00000000,0.00000000,0.00000000
2.15185499,0.32875767,1.39946878,0.00000000,0.00000000,0.00000000
2.14877152,0.34804365,1.36682427,0.00000000,0.00000000,0.00000000
2.17181420,0.14279158,1.38388598,0.00000000,0.00000000,0.00000000
2.16567421,0.18839523,1.33325756,0.00000000,0.00000000,0.00000000
2.20046830,0.14994629,1.33324897,0.00000000,0.00000000,0.00000000
2.19386148,0.20438242,1.28439522,0.00000000,0.00000000,0.00000000
2.19116998,0.29838988,1.36917460,0.00000000,0.00000000,0.00000000
2.19222617,0.28136599,1.39672482,0.00000000,0.00000000,0.00000000
2.18903780,0.32609987,1.33111358,0.00000000,0.00000000,0.00000000
2.20720410,0.11115732,1.38194597,0.00000000,0.00000000,0.00000000
2.23936176,0.08597364,1.36748052,0.00000000,0.00000000,0.00000000
2.23381639,0.10429033,1.33065820,0.00000000,0.00000000,0.00000000
2.22912216,0.15710101,1.28261220,0.00000000,0.00000000,0.00000000
2.22702694,0.22958604,1.39538705,0.00000000,0.00000000,0.00000000
2.22808719,0.24306141,1.37162721,0.00000000,0.00000000,0.00000000
2.23048520,0.26802209,1.33888030,0.00000000,0.00000000,0.00000000
2.25968313,0.05766443,1.32173026,0.00000000,0.00000000,0.00000000
2.26042867,0.09742334,1.27937043,0.00000000,0.00000000,0.00000000
2.25692010,0.17126627,1.39621258,0.00000000,0.00000000,0.00000000
2.25765634,0.18414144,1.37567973,0.00000000,0.00000000,0.00000000
2.27396083,-0.04727350,1.29190934,0.00000000,0.00000000,0.00000000
2.26988435,0.00879420,1.30768061,0.00000000,0.00000000,0.00000000
2.28000426,0.02935521,1.27598011,0.00000000,0.00000000,0.00000000
2.26580787,0.06486191,1.32345212,0.00000000,0.00000000,0.00000000
2.28025198,0.11984276,1.38149023,0.00000000,0.00000000,0.00000000
2.26394820,0.20475681,1.34652972,0.00000000,0.00000000,0.00000000
2.29729271,0.01156433,1.38449419,0.00000000,0.00000000,0.00000000
2.28898430,0.06803818,1.39614785,0.00000000,0.00000000,0.00000000
2.28828549,0.13869685,1.35597241,0.00000000,0.00000000,0.00000000
2.30560112,-0.04490951,1.37284029,0.00000000,0.00000000,0.00000000
2.30358362,0.06841926,1.36676812,0.00000000,0.00000000,0.00000000
